{"mIOU": {"peel_best": 0.7978167129055603, "rebar_normal": 0.6829680626387273, "crack_normal": 0.6998801007625591, "crack_best": 0.7209411280611389, "peel_normal": 0.7596494671270946, "rebar_best": 0.7237660880699401, "peel_faulty": 0.9595957862970995, "rebar_faulty": 0.9497398911447967, "crack_faulty": 0.9596959086945308}, "mAP": {"peel_best": 0.8956965790296655, "rebar_normal": 0.852237079105064, "crack_normal": 0.8113446873378329, "crack_best": 0.805285102596601, "peel_normal": 0.8853677538174124, "rebar_best": 0.8570234233656513, "peel_faulty": 0.9999122499122499, "rebar_faulty": 1.0, "crack_faulty": 1.0}}