{"mIOU": {"crack_faulty": 0.5597863511056157, "peel_faulty": 0.6779424208755052, "peel_best": 0.9741601031273603, "rebar_faulty": 0.5831418345366176, "rebar_normal": 0.550872224506247, "peel_normal": 0.653913339927568, "crack_best": 0.9615286770513503, "rebar_best": 0.9670559273612115, "crack_normal": 0.5617896767280363}, "mAP": {"crack_faulty": 0.7906782275694263, "peel_faulty": 0.8703010684311301, "peel_best": 1.0, "rebar_faulty": 0.8621369075090468, "rebar_normal": 0.9132438555311935, "peel_normal": 0.8808760248335672, "crack_best": 1.0, "rebar_best": 1.0, "crack_normal": 0.8460413892023774}, "meanAcc": {"crack_faulty": 0.407648718027306, "peel_faulty": 0.4856842643717568, "peel_best": 1.0, "rebar_faulty": 0.4965631106713663, "rebar_normal": 0.6491216843266023, "peel_normal": 0.5415990118903652, "crack_best": 1.0, "rebar_best": 1.0, "crack_normal": 0.5471634334134335}, "mean_maskIOU": {"crack_faulty": 0.2949533416408832, "peel_faulty": 0.43277398453992266, "peel_best": 0.9586107973384778, "rebar_faulty": 0.3425832559562642, "rebar_normal": 0.3549912819744459, "peel_normal": 0.43753598580826264, "crack_best": 0.944048700876682, "rebar_best": 0.9340909879633609, "crack_normal": 0.28687874139228065}}