{"mIOU": {"peel_faulty": 0.6770113272598376, "crack_best": 0.9635887135893612, "crack_faulty": 0.5569903143803687, "peel_normal": 0.6501621024068354, "rebar_faulty": 0.5844616008430479, "rebar_best": 0.968736798044235, "peel_best": 0.9746486327864907, "crack_normal": 0.5575762680900378, "rebar_normal": 0.5466803743451984}, "mAP": {"peel_faulty": 0.8698895048296583, "crack_best": 1.0, "crack_faulty": 0.7929969209495649, "peel_normal": 0.8784438476449754, "rebar_faulty": 0.8635118939035129, "rebar_best": 1.0, "peel_best": 1.0, "crack_normal": 0.8662516934308748, "rebar_normal": 0.9159259653529027}, "meanAcc": {"peel_faulty": 0.49050609163358977, "crack_best": 1.0, "crack_faulty": 0.41936718853116445, "peel_normal": 0.5895516913872396, "rebar_faulty": 0.501185679717054, "rebar_best": 1.0, "peel_best": 1.0, "crack_normal": 0.6086169501164964, "rebar_normal": 0.6796075487170394}, "mean_maskIOU": {"peel_faulty": 0.42779341434998597, "crack_best": 0.9483441862267473, "crack_faulty": 0.29573877044920294, "peel_normal": 0.43563227676683997, "rebar_faulty": 0.3434646748052857, "rebar_best": 0.9351245411590965, "peel_best": 0.9582109919122259, "crack_normal": 0.28411964409224943, "rebar_normal": 0.36137464583545814}}