{"mIOU": {"rebar_faulty": 0.5821466987608013, "crack_faulty": 0.5679856884681406, "crack_best": 0.9735166882646495, "peel_faulty": 0.6891116343606684, "rebar_best": 0.9439593702554703, "crack_normal": 0.5555557010238736, "peel_best": 0.9674841937471609, "rebar_normal": 0.5645131775250671, "peel_normal": 0.6340393655394253}, "mAP": {"rebar_faulty": 0.8524814476743785, "crack_faulty": 0.7929503288243042, "crack_best": 1.0, "peel_faulty": 0.8788144043165166, "rebar_best": 1.0, "crack_normal": 0.8864807653145147, "peel_best": 1.0, "rebar_normal": 0.9115524310426659, "peel_normal": 0.8829706429555662}, "meanAcc": {"rebar_faulty": 0.46918220646677916, "crack_faulty": 0.4123707298993592, "crack_best": 1.0, "peel_faulty": 0.4821426662512366, "rebar_best": 1.0, "crack_normal": 0.5592364667743793, "peel_best": 1.0, "rebar_normal": 0.7036542248478338, "peel_normal": 0.6013272780478701}, "mean_maskIOU": {"rebar_faulty": 0.3443709466890612, "crack_faulty": 0.28455605307404397, "crack_best": 0.9641304370709866, "peel_faulty": 0.4339706165613445, "rebar_best": 0.9229131119703399, "crack_normal": 0.2970635460667075, "peel_best": 0.9422840527080528, "rebar_normal": 0.3756248770161057, "peel_normal": 0.42381237410045625}}