{"mIOU": {"struct_crack_faulty": 0.5627160214820633, "finish_faulty": 0.9551590155115423, "window_best": 0.8896813141976216, "struct_peel_faulty": 0.6239828743669583, "living_faulty": 0.8320856241784623, "struct_rebar_faulty": 0.5423679689380735, "finish_normal": 0.959953524433102, "living_best": 0.7305069950304495, "ground_faulty": 0.9322916169685729, "window_faulty": 0.8899975020081546, "struct_peel_best": 0.9855298028074762, "window_normal": 0.8907602989527675, "struct_crack_best": 0.9859844519817371, "struct_crack_normal": 0.6418120203367678, "finish_best": 0.9655999397445056, "ground_best": 0.9542646274431464, "struct_rebar_normal": 0.5387657244941896, "living_normal": 0.822727022228394, "struct_rebar_best": 0.9837980248659802, "struct_peel_normal": 0.6370694692564589, "ground_normal": 0.9360789531521477}, "mAP": {"struct_crack_faulty": 0.6190447546661603, "finish_faulty": 1.0, "window_best": 0.9978462709284628, "struct_peel_faulty": 0.7752259994318041, "living_faulty": 0.9891829575171796, "struct_rebar_faulty": 0.6782624109061579, "finish_normal": 0.9998716961765461, "living_best": 0.975682323369752, "ground_faulty": 0.9996071283920616, "window_faulty": 0.9979365196761775, "struct_peel_best": 1.0, "window_normal": 0.9944259830844805, "struct_crack_best": 1.0, "struct_crack_normal": 0.8970071680991006, "finish_best": 1.0, "ground_best": 1.0, "struct_rebar_normal": 0.8005734045386099, "living_normal": 0.9913449742222867, "struct_rebar_best": 1.0, "struct_peel_normal": 0.8805183478366031, "ground_normal": 0.9997194163860831}, "meanAcc": {"struct_crack_faulty": 0.028206515268908897, "finish_faulty": 0.9876399890740235, "window_best": 0.8799585191579149, "struct_peel_faulty": 0.14423026778796263, "living_faulty": 0.6739988599508239, "struct_rebar_faulty": 0.10198580556964439, "finish_normal": 0.9842186297151655, "living_best": 0.6749227209252272, "ground_faulty": 0.9387107223841918, "window_faulty": 0.837271968148691, "struct_peel_best": 1.0, "window_normal": 0.827119671838773, "struct_crack_best": 1.0, "struct_crack_normal": 0.3515671835278841, "finish_best": 0.9973867595818815, "ground_best": 0.9982578397212544, "struct_rebar_normal": 0.37203188125336456, "living_normal": 0.807238840384956, "struct_rebar_best": 1.0, "struct_peel_normal": 0.3376307734748853, "ground_normal": 0.9643871449925262}}