{"mIOU": {"living_best": 0.7553825025711585, "ground_faulty": 0.9351647076255732, "struct_rebar_faulty": 0.5503519838443701, "struct_peel_best": 0.98404630205848, "struct_crack_faulty": 0.562367362803883, "finish_faulty": 0.9587516376846715, "ground_normal": 0.9295893741978539, "struct_rebar_normal": 0.5713677630465255, "window_faulty": 0.8970420620431797, "living_faulty": 0.8429065476203786, "struct_peel_faulty": 0.6441628680703931, "window_normal": 0.8826122737254005, "finish_normal": 0.9591569923887066, "struct_rebar_best": 0.9796426776382658, "struct_crack_normal": 0.6233274818591352, "window_best": 0.8813539306002278, "living_normal": 0.8205872872925323, "struct_peel_normal": 0.6462870646606792, "finish_best": 0.956722249587377, "ground_best": 0.9539638225848858, "struct_crack_best": 0.9861163173691702}, "mAP": {"living_best": 0.9458719811262184, "ground_faulty": 1.0, "struct_rebar_faulty": 0.6833047960994534, "struct_peel_best": 1.0, "struct_crack_faulty": 0.6172687872106833, "finish_faulty": 1.0, "ground_normal": 1.0, "struct_rebar_normal": 0.8231073235154868, "window_faulty": 0.9986711711711711, "living_faulty": 0.9898703645419208, "struct_peel_faulty": 0.8106373569329222, "window_normal": 0.9947150072150073, "finish_normal": 1.0, "struct_rebar_best": 1.0, "struct_crack_normal": 0.9067218629634644, "window_best": 0.9972030651340996, "living_normal": 0.989972999509082, "struct_peel_normal": 0.9278110916860918, "finish_best": 1.0, "ground_best": 1.0, "struct_crack_best": 1.0}, "meanAcc": {"living_best": 0.7225935081867285, "ground_faulty": 0.9558294209702659, "struct_rebar_faulty": 0.11173904116108727, "struct_peel_best": 1.0, "struct_crack_faulty": 0.028045159769597237, "finish_faulty": 0.994535519125683, "ground_normal": 0.962121212121212, "struct_rebar_normal": 0.3723087279003284, "window_faulty": 0.8586186186186185, "living_faulty": 0.6955354631303999, "struct_peel_faulty": 0.15298135144262676, "window_normal": 0.8626485043778277, "finish_normal": 1.0, "struct_rebar_best": 1.0, "struct_crack_normal": 0.3230292925501654, "window_best": 0.8845977939198278, "living_normal": 0.8080265095729013, "struct_peel_normal": 0.33011385590499515, "finish_best": 1.0, "ground_best": 1.0, "struct_crack_best": 1.0}}