{"mIOU": {"window_normal": 0.9176844595100883, "living_faulty": 0.8857716999733912, "ground_faulty": 0.9471997457835438, "struct_rebar_faulty": 0.7420143758948563, "struct_peel_faulty": 0.8106438320667206, "struct_crack_faulty": 0.8012229020143752, "finish_normal": 0.9695132052522125, "window_faulty": 0.9188608175343916, "living_normal": 0.8821465517492014, "finish_faulty": 0.9652707268121936, "struct_rebar_best": 0.9852591308680447, "struct_peel_normal": 0.7765854797848833, "ground_normal": 0.9511889274234718, "window_best": 0.9114400999886649, "living_best": 0.8574763068403953, "struct_crack_best": 0.9887445309842137, "ground_best": 0.9618134553994656, "finish_best": 0.9735557702761367, "struct_rebar_normal": 0.695106649202501, "struct_crack_normal": 0.803219761131439, "struct_peel_best": 0.9900375264031547}, "mAP": {"window_normal": 0.9960095990485899, "living_faulty": 0.9953142211286246, "ground_faulty": 0.999908686676195, "struct_rebar_faulty": 0.811860045346677, "struct_peel_faulty": 0.8900070921940599, "struct_crack_faulty": 0.8361035911410232, "finish_normal": 0.9998765432098765, "window_faulty": 0.9992372145470408, "living_normal": 0.9961531457707364, "finish_faulty": 1.0, "struct_rebar_best": 1.0, "struct_peel_normal": 0.8984055450682342, "ground_normal": 0.9991812227074236, "window_best": 0.9982034273079049, "living_best": 0.9896825396825397, "struct_crack_best": 1.0, "ground_best": 1.0, "finish_best": 1.0, "struct_rebar_normal": 0.8019106308181317, "struct_crack_normal": 0.9431433760397798, "struct_peel_best": 1.0}}