{"mIOU": {"struct_rebar_faulty": 0.5488682900332952, "struct_crack_faulty": 0.5696245457328177, "living_faulty": 0.8294003910053147, "struct_peel_faulty": 0.6290133263594598, "finish_faulty": 0.9580804105991354, "struct_peel_best": 0.9882334425593867, "window_faulty": 0.8916652865910808, "living_normal": 0.8381216754127481, "window_normal": 0.8881560157200223, "ground_faulty": 0.9381521907317112, "struct_peel_normal": 0.6387909528251007, "struct_crack_best": 0.9870661686337183, "ground_normal": 0.9331275661443842, "finish_best": 0.9700088129853303, "finish_normal": 0.947146937738057, "struct_crack_normal": 0.6429836630821228, "window_best": 0.8778333300597048, "struct_rebar_normal": 0.5430500978737874, "ground_best": 0.9660797228618544, "living_best": 0.7522125485289188, "struct_rebar_best": 0.9822569267224457}, "mAP": {"struct_rebar_faulty": 0.6798168443621366, "struct_crack_faulty": 0.6196862179412405, "living_faulty": 0.9933498312608825, "struct_peel_faulty": 0.7818673953966762, "finish_faulty": 1.0, "struct_peel_best": 1.0, "window_faulty": 0.997316261574074, "living_normal": 0.9966701340730467, "window_normal": 0.9950769230769232, "ground_faulty": 1.0, "struct_peel_normal": 0.8647467983405485, "struct_crack_best": 1.0, "ground_normal": 1.0, "finish_best": 1.0, "finish_normal": 1.0, "struct_crack_normal": 0.9295925559532672, "window_best": 0.994973544973545, "struct_rebar_normal": 0.846382103735045, "ground_best": 1.0, "living_best": 0.9787196545284781, "struct_rebar_best": 1.0}, "meanAcc": {"struct_rebar_faulty": 0.10160769682049457, "struct_crack_faulty": 0.02683682959314398, "living_faulty": 0.6940762469582845, "struct_peel_faulty": 0.16260819996406634, "finish_faulty": 0.9838556505223173, "struct_peel_best": 1.0, "window_faulty": 0.8272562358276644, "living_normal": 0.8245222684543073, "window_normal": 0.8461080586080586, "ground_faulty": 0.9434920634920635, "struct_peel_normal": 0.3247083033518026, "struct_crack_best": 1.0, "ground_normal": 0.9682971014492753, "finish_best": 1.0, "finish_normal": 0.9849624060150376, "struct_crack_normal": 0.3403965083719557, "window_best": 0.8680615680615681, "struct_rebar_normal": 0.36092623466630736, "ground_best": 1.0, "living_best": 0.6703516254986842, "struct_rebar_best": 1.0}}