{"mIOU": {"struct_crack_faulty": 0.56637721107987, "finish_best": 0.9732183165806162, "window_best": 0.8910422973665361, "ground_faulty": 0.9375816965553443, "window_normal": 0.8906733308490733, "struct_rebar_faulty": 0.5437078670460636, "finish_faulty": 0.9555107989951787, "finish_normal": 0.9580362231471239, "living_normal": 0.8318767641567073, "struct_peel_normal": 0.6353146464151904, "living_best": 0.7420547359499586, "living_faulty": 0.8303217395365209, "struct_peel_faulty": 0.6328731235484444, "window_faulty": 0.8967214495719762, "struct_rebar_normal": 0.5379987476939231, "struct_peel_best": 0.988837550032852, "ground_best": 0.9590949533169701, "ground_normal": 0.9314360620267166, "struct_rebar_best": 0.9836002978785284, "struct_crack_normal": 0.6448724668953522, "struct_crack_best": 0.9857593528580132}, "mAP": {"struct_crack_faulty": 0.6239679453904572, "finish_best": 1.0, "window_best": 0.9969573599880203, "ground_faulty": 0.99974643805844, "window_normal": 0.9926930850033884, "struct_rebar_faulty": 0.6807685416619882, "finish_faulty": 0.9999565746048289, "finish_normal": 1.0, "living_normal": 0.9917972851240954, "struct_peel_normal": 0.8611500913568426, "living_best": 0.9762152195637086, "living_faulty": 0.9896851370493831, "struct_peel_faulty": 0.7906265100959823, "window_faulty": 0.997689732453255, "struct_rebar_normal": 0.7790197975672987, "struct_peel_best": 1.0, "ground_best": 1.0, "ground_normal": 0.9997765363128491, "struct_rebar_best": 1.0, "struct_crack_normal": 0.8873869282565864, "struct_crack_best": 1.0}, "meanAcc": {"struct_crack_faulty": 0.028043483902197446, "finish_best": 0.9971428571428571, "struct_crack_normal": 0.3325259197691084, "window_best": 0.9006468627158282, "ground_faulty": 0.9478702490170381, "window_normal": 0.8308239804116158, "struct_rebar_faulty": 0.09817461433130906, "finish_faulty": 0.9896430432516936, "finish_normal": 0.9826637972262074, "living_normal": 0.805456179322033, "struct_peel_normal": 0.34788316525810536, "living_best": 0.6559006164101346, "living_faulty": 0.6777985930903436, "struct_peel_faulty": 0.1576621510254054, "window_faulty": 0.8301664825623758, "struct_rebar_normal": 0.3462303729798728, "struct_peel_best": 1.0, "ground_best": 0.9966273187183811, "ground_normal": 0.9742306266221727, "struct_rebar_best": 0.9991349480968859, "struct_crack_best": 1.0}}