{"mIOU": {"ground_faulty": 0.9458839646418813, "living_faulty": 0.8867242437340346, "finish_best": 0.9732010783463061, "finish_faulty": 0.9657334614117788, "ground_normal": 0.9502838653312108, "living_normal": 0.8804764355581575, "finish_normal": 0.9694798923739462, "struct_peel_faulty": 0.8138276146426997, "window_normal": 0.9178218897691717, "window_faulty": 0.9185599659855821, "window_best": 0.9094318689550628, "struct_crack_normal": 0.7993545880395713, "struct_crack_faulty": 0.8015592907762179, "ground_best": 0.9633348964924753, "struct_peel_normal": 0.7742095485585091, "struct_rebar_faulty": 0.739921714563937, "living_best": 0.8505501013251469, "struct_rebar_normal": 0.6965854228662618, "struct_peel_best": 0.9891445150048359, "struct_rebar_best": 0.9859190340600309, "struct_crack_best": 0.9879800226129604}, "mAP": {"ground_faulty": 0.9997370365017424, "living_faulty": 0.995542497913125, "finish_best": 1.0, "finish_faulty": 0.9999935007539126, "ground_normal": 0.9995700871139268, "living_normal": 0.9970042663052701, "finish_normal": 0.9998605724136184, "struct_peel_faulty": 0.8917612993086026, "window_normal": 0.9957093291113059, "window_faulty": 0.9990584928709572, "window_best": 0.9979204526786999, "struct_crack_normal": 0.9282601731008415, "struct_crack_faulty": 0.837867055458813, "ground_best": 0.9999708114419147, "struct_peel_normal": 0.8926317749724098, "struct_rebar_faulty": 0.8119214186735669, "living_best": 0.9853829771088594, "struct_rebar_normal": 0.811906381702982, "struct_peel_best": 1.0, "struct_rebar_best": 1.0, "struct_crack_best": 0.9999164159144099}, "meanAcc": {"ground_faulty": 0.9351520885537152, "living_faulty": 0.6349295907227469, "finish_best": 0.999183895538629, "finish_faulty": 0.9839948362054776, "ground_normal": 0.9744528151550148, "living_normal": 0.7687308660150393, "finish_normal": 0.9842573579739904, "struct_peel_faulty": 0.09074334988125674, "window_normal": 0.8160583509840786, "window_faulty": 0.8149401029310728, "struct_rebar_normal": 0.20586970198947216, "window_best": 0.8682412205431649, "struct_crack_normal": 0.22393581101745264, "struct_crack_faulty": 0.012906196604092592, "ground_best": 0.9934348739495799, "struct_peel_normal": 0.23586301693622108, "struct_rebar_faulty": 0.05558933655686695, "living_best": 0.5891019783520312, "struct_peel_best": 0.999913584514345, "struct_rebar_best": 0.9990596304900986, "struct_crack_best": 0.9999164159144099}}